return_id,sku_id,logistics_cost,restocking_cost,damage_cost,lost_value,Total_return_cost
RET0000001,SKU00293,17.37,14.43,0.0,2.27,34.07
RET0000002,SKU00205,14.45,26.57,0.0,8.89,49.91
RET0000003,SKU00396,34.98,13.81,0.0,2.65,51.44
RET0000004,SKU00395,26.8,59.77,0.0,5.13,91.7
RET0000005,SKU00341,12.35,57.56,0.0,1.09,71.0
RET0000006,SKU00392,22.23,25.32,0.0,0.0,47.55
RET0000007,SKU00278,10.25,11.92,0.0,15.99,38.16
RET0000008,SKU00273,12.58,66.46,0.0,0.0,79.04
RET0000009,SKU00069,16.94,27.25,0.0,0.0,44.19
RET0000010,SKU00167,34.44,7.46,0.0,0.0,41.9
RET0000011,SKU00316,12.24,36.88,0.0,5.52,54.64
RET0000012,SKU00105,18.79,21.61,0.0,8.61,49.01
RET0000013,SKU00331,12.24,5.82,0.0,12.47,30.53
RET0000014,SKU00273,17.0,26.58,0.0,0.0,43.58
RET0000015,SKU00081,18.12,17.53,0.0,23.77,59.42
RET0000016,SKU00363,20.48,9.22,0.0,8.33,38.03
RET0000017,SKU00237,29.08,43.75,0.0,31.89,104.72
RET0000018,SKU00084,32.61,57.99,0.0,63.33,153.93
RET0000019,SKU00067,18.6,85.97,0.0,15.34,119.91
RET0000020,SKU00193,24.3,28.0,0.0,0.0,52.3
RET0000021,SKU00352,25.0,14.16,0.0,5.92,45.08
RET0000022,SKU00185,13.98,32.34,0.0,6.75,53.07
RET0000023,SKU00328,34.41,17.1,0.0,20.36,71.87
RET0000024,SKU00143,10.07,39.42,0.0,0.0,49.49
RET0000025,SKU00299,31.23,112.68,84.51,0.0,228.42
RET0000026,SKU00148,33.38,51.56,0.0,16.18,101.12
RET0000027,SKU00246,34.61,28.52,21.39,0.0,84.52
RET0000028,SKU00087,27.3,9.07,0.0,0.0,36.37
RET0000029,SKU00318,34.11,9.82,0.0,0.4,44.33
RET0000030,SKU00330,30.16,14.75,0.0,0.0,44.91
RET0000031,SKU00240,12.26,41.9,0.0,9.24,63.4
RET0000032,SKU00119,23.92,12.05,0.0,13.83,49.8
RET0000033,SKU00397,27.06,64.45,0.0,13.94,105.45
RET0000034,SKU00336,29.26,29.75,0.0,11.76,70.77
RET0000035,SKU00407,22.28,192.94,0.0,84.93,300.15
RET0000036,SKU00321,15.85,3.59,0.0,0.0,19.44
RET0000037,SKU00083,25.56,21.18,0.0,0.98,47.72
RET0000038,SKU00044,18.93,22.27,0.0,11.11,52.31
RET0000039,SKU00067,18.16,85.97,0.0,13.92,118.05
RET0000040,SKU00348,31.4,32.95,0.0,11.72,76.07
RET0000041,SKU00373,10.04,6.66,0.0,2.6,19.3
RET0000042,SKU00007,20.17,7.55,0.0,5.09,32.81
RET0000043,SKU00158,13.3,117.9,0.0,38.45,169.65
RET0000044,SKU00137,10.36,11.85,0.0,6.4,28.61
RET0000045,SKU00290,20.93,29.06,0.0,2.66,52.65
RET0000046,SKU00385,22.97,35.66,0.0,7.11,65.74
RET0000047,SKU00188,22.8,24.18,0.0,0.0,46.98
RET0000048,SKU00172,17.4,14.4,0.0,5.22,37.02
RET0000049,SKU00046,32.7,87.33,0.0,23.0,143.03
RET0000050,SKU00155,27.68,8.66,0.0,9.37,45.71
RET0000051,SKU00090,34.89,39.14,0.0,19.66,93.69
RET0000052,SKU00232,11.94,74.0,0.0,8.81,94.75
RET0000053,SKU00280,25.54,10.45,0.0,2.47,38.46
RET0000054,SKU00236,15.92,51.61,0.0,0.0,67.53
RET0000055,SKU00405,12.32,22.82,0.0,0.0,35.14
RET0000056,SKU00168,13.82,58.17,0.0,8.93,80.92
RET0000057,SKU00211,21.77,44.92,0.0,11.66,78.35
RET0000058,SKU00342,30.67,6.25,0.0,5.54,42.46
RET0000059,SKU00062,16.79,43.99,0.0,0.0,60.78
RET0000060,SKU00399,14.95,20.3,0.0,48.78,84.03
RET0000061,SKU00249,25.42,35.77,0.0,0.0,61.19
RET0000062,SKU00009,34.3,7.52,0.0,0.0,41.82
RET0000063,SKU00095,17.6,66.54,0.0,10.34,94.48
RET0000064,SKU00137,21.86,47.4,35.55,0.0,104.81
RET0000065,SKU00175,27.07,5.52,0.0,0.24,32.83
RET0000066,SKU00088,14.83,46.39,34.79,0.0,96.01
RET0000067,SKU00333,11.38,91.48,68.61,0.0,171.47
RET0000068,SKU00266,25.93,28.32,0.0,7.93,62.18
RET0000069,SKU00249,17.63,14.31,0.0,1.72,33.66
RET0000070,SKU00410,10.65,78.77,59.08,0.0,148.5
RET0000071,SKU00130,19.83,22.93,0.0,2.64,45.4
RET0000072,SKU00185,10.55,51.74,38.8,0.0,101.09
RET0000073,SKU00207,22.82,62.6,46.95,0.0,132.37
RET0000074,SKU00005,26.8,10.36,0.0,14.06,51.22
RET0000075,SKU00406,31.47,12.05,0.0,0.0,43.52
RET0000076,SKU00151,32.2,13.82,0.0,5.8,51.82
RET0000077,SKU00066,12.44,60.93,45.7,0.0,119.07
RET0000078,SKU00321,13.28,3.59,0.0,1.28,18.15
RET0000079,SKU00372,13.85,15.78,11.83,0.0,41.46
RET0000080,SKU00151,28.43,34.56,0.0,18.63,81.62
RET0000081,SKU00025,20.3,36.04,0.0,62.4,118.74
RET0000082,SKU00411,28.6,17.49,0.0,17.05,63.14
RET0000083,SKU00272,24.82,50.95,0.0,58.67,134.44
RET0000084,SKU00216,12.9,15.66,11.74,0.0,40.3
RET0000085,SKU00215,10.29,17.91,13.43,0.0,41.63
RET0000086,SKU00342,14.78,6.25,0.0,5.11,26.14
RET0000087,SKU00122,13.69,44.28,0.0,25.39,83.36
RET0000088,SKU00170,17.48,8.2,0.0,4.22,29.9
RET0000089,SKU00284,25.95,5.91,0.0,0.0,31.86
RET0000090,SKU00171,25.12,19.98,0.0,17.86,62.96
RET0000091,SKU00405,16.28,22.82,0.0,0.0,39.1
RET0000092,SKU00270,27.32,24.44,0.0,15.02,66.78
RET0000093,SKU00361,26.3,136.82,0.0,2.17,165.29
RET0000094,SKU00075,22.37,59.29,0.0,5.67,87.33
RET0000095,SKU00338,27.54,71.96,0.0,72.65,172.15
RET0000096,SKU00234,19.43,12.87,0.0,16.42,48.72
RET0000097,SKU00007,23.61,18.89,0.0,9.06,51.56
RET0000098,SKU00185,26.96,12.94,0.0,4.85,44.75
RET0000099,SKU00126,20.42,58.05,0.0,0.0,78.47
RET0000100,SKU00319,27.19,41.31,30.98,0.0,99.48
RET0000101,SKU00381,21.99,13.53,0.0,17.81,53.33
RET0000102,SKU00096,11.6,6.95,0.0,3.5,22.05
RET0000103,SKU00083,31.7,33.89,25.42,0.0,91.01
RET0000104,SKU00035,11.99,78.07,0.0,42.27,132.33
RET0000105,SKU00176,32.01,31.44,0.0,7.45,70.9
RET0000106,SKU00069,12.44,27.25,0.0,17.19,56.88
RET0000107,SKU00276,11.98,13.8,0.0,2.05,27.83
RET0000108,SKU00160,20.02,9.87,0.0,0.0,29.89
RET0000109,SKU00183,27.32,7.84,0.0,17.5,52.66
RET0000110,SKU00020,34.79,11.27,0.0,0.0,46.06
RET0000111,SKU00270,26.17,24.44,0.0,0.0,50.61
RET0000112,SKU00176,32.41,31.44,0.0,0.8,64.65
RET0000113,SKU00192,31.53,457.9,343.43,0.0,832.86
RET0000114,SKU00004,30.36,5.52,0.0,0.0,35.88
RET0000115,SKU00296,30.24,32.46,0.0,26.13,88.83
RET0000116,SKU00108,16.37,52.61,0.0,22.34,91.32
RET0000117,SKU00145,15.32,82.31,0.0,23.28,120.91
RET0000118,SKU00045,13.02,29.04,21.78,0.0,63.84
RET0000119,SKU00095,28.88,66.54,0.0,10.05,105.47
RET0000120,SKU00253,19.6,15.05,0.0,5.31,39.96
RET0000121,SKU00011,19.5,29.27,21.95,0.0,70.72
RET0000122,SKU00345,24.43,23.27,0.0,0.0,47.7
RET0000123,SKU00074,13.41,35.43,0.0,5.6,54.44
RET0000124,SKU00040,17.02,17.57,0.0,13.56,48.15
RET0000125,SKU00314,28.34,127.99,95.99,0.0,252.32
RET0000126,SKU00001,33.02,37.05,0.0,0.0,70.07
RET0000127,SKU00250,29.0,65.96,0.0,69.65,164.61
RET0000128,SKU00005,22.26,41.44,31.08,0.0,94.78
RET0000129,SKU00325,28.45,2.96,0.0,1.28,32.69
RET0000130,SKU00088,16.85,11.6,0.0,1.56,30.01
RET0000131,SKU00276,22.65,13.8,0.0,0.0,36.45
RET0000132,SKU00112,15.63,6.87,0.0,13.48,35.98
RET0000133,SKU00171,15.88,49.95,0.0,0.0,65.83
RET0000134,SKU00028,14.22,38.92,0.0,35.69,88.83
RET0000135,SKU00128,29.4,110.74,0.0,119.99,260.13
RET0000136,SKU00079,31.99,266.11,0.0,0.0,298.1
RET0000137,SKU00118,11.18,20.76,0.0,7.75,39.69
RET0000138,SKU00406,19.77,12.05,0.0,0.0,31.82
RET0000139,SKU00367,18.22,14.08,0.0,7.75,40.05
RET0000140,SKU00190,14.15,10.37,0.0,1.0,25.52
RET0000141,SKU00355,14.84,3.47,0.0,4.04,22.35
RET0000142,SKU00133,26.45,39.73,0.0,0.6,66.78
RET0000143,SKU00021,14.03,2.84,0.0,2.55,19.42
RET0000144,SKU00375,22.7,23.23,0.0,14.62,60.55
RET0000145,SKU00274,28.33,27.38,0.0,3.11,58.82
RET0000146,SKU00188,20.95,38.69,29.02,0.0,88.66
RET0000147,SKU00126,30.14,58.05,0.0,0.0,88.19
RET0000148,SKU00373,16.22,16.65,0.0,5.44,38.31
RET0000149,SKU00132,18.29,44.49,0.0,96.11,158.89
RET0000150,SKU00290,24.44,11.62,0.0,8.6,44.66
RET0000151,SKU00384,32.1,9.4,0.0,11.06,52.56
RET0000152,SKU00254,22.68,17.83,0.0,11.65,52.16
RET0000153,SKU00044,15.18,8.91,0.0,19.07,43.16
RET0000154,SKU00021,34.98,7.09,0.0,3.87,45.94
RET0000155,SKU00092,15.75,4.31,0.0,0.0,20.06
RET0000156,SKU00144,26.94,157.66,0.0,59.62,244.22
RET0000157,SKU00114,25.47,9.54,7.16,0.0,42.17
RET0000158,SKU00185,12.16,32.34,0.0,13.21,57.71
RET0000159,SKU00270,19.09,24.44,0.0,0.0,43.53
RET0000160,SKU00006,33.14,15.4,0.0,5.18,53.72
RET0000161,SKU00341,16.74,57.56,0.0,20.97,95.27
RET0000162,SKU00014,22.11,39.79,0.0,12.61,74.51
RET0000163,SKU00039,25.03,31.32,0.0,8.01,64.36
RET0000164,SKU00088,21.67,11.6,0.0,11.32,44.59
RET0000165,SKU00170,18.92,20.51,0.0,8.78,48.21
RET0000166,SKU00139,14.66,22.23,0.0,0.0,36.89
RET0000167,SKU00413,21.41,36.78,0.0,0.77,58.96
RET0000168,SKU00242,10.64,10.99,0.0,6.01,27.64
RET0000169,SKU00216,29.98,3.91,0.0,8.69,42.58
RET0000170,SKU00119,32.05,30.12,0.0,15.21,77.38
RET0000171,SKU00044,22.93,22.27,0.0,9.47,54.67
RET0000172,SKU00355,31.37,3.47,0.0,3.29,38.13
RET0000173,SKU00079,21.22,266.11,0.0,297.08,584.41
RET0000174,SKU00404,21.06,15.96,0.0,2.49,39.51
RET0000175,SKU00305,33.06,13.9,0.0,4.89,51.85
RET0000176,SKU00149,22.39,3.5,0.0,0.0,25.89
RET0000177,SKU00097,31.27,75.07,56.3,0.0,162.64
RET0000178,SKU00206,20.91,49.77,37.33,0.0,108.01
RET0000179,SKU00214,14.87,20.64,0.0,3.81,39.32
RET0000180,SKU00134,30.7,18.39,0.0,10.25,59.34
RET0000181,SKU00105,32.99,21.61,0.0,9.47,64.07
RET0000182,SKU00076,27.98,49.56,0.0,0.0,77.54
RET0000183,SKU00369,11.1,27.14,0.0,11.83,50.07
RET0000184,SKU00115,18.62,5.66,0.0,0.05,24.33
RET0000185,SKU00213,16.4,72.77,0.0,3.13,92.3
RET0000186,SKU00163,30.57,44.36,0.0,11.77,86.7
RET0000187,SKU00202,33.98,13.8,0.0,4.81,52.59
RET0000188,SKU00103,21.38,8.17,0.0,1.44,30.99
RET0000189,SKU00143,27.91,39.42,0.0,19.32,86.65
RET0000190,SKU00136,20.57,2.64,0.0,0.0,23.21
RET0000191,SKU00092,23.15,1.72,0.0,0.0,24.87
RET0000192,SKU00009,15.67,18.81,0.0,8.08,42.56
RET0000193,SKU00302,34.56,31.36,0.0,0.0,65.92
RET0000194,SKU00165,18.21,114.76,0.0,0.0,132.97
RET0000195,SKU00031,13.3,4.3,0.0,5.08,22.68
RET0000196,SKU00206,15.47,31.1,0.0,1.65,48.22
RET0000197,SKU00026,10.06,64.34,0.0,0.0,74.4
RET0000198,SKU00099,31.77,36.34,0.0,18.34,86.45
RET0000199,SKU00399,16.15,20.3,0.0,51.71,88.16
RET0000200,SKU00144,12.41,63.06,0.0,61.47,136.94
RET0000201,SKU00226,34.1,34.76,0.0,0.0,68.86
RET0000202,SKU00109,21.56,14.36,0.0,4.57,40.49
RET0000203,SKU00116,15.78,26.5,0.0,39.86,82.14
RET0000204,SKU00112,26.87,27.49,20.62,0.0,74.98
RET0000205,SKU00246,30.75,7.13,0.0,9.76,47.64
RET0000206,SKU00339,29.92,7.1,0.0,4.55,41.57
RET0000207,SKU00094,16.31,56.94,0.0,31.44,104.69
RET0000208,SKU00292,14.7,19.26,0.0,17.31,51.27
RET0000209,SKU00293,11.72,14.43,0.0,0.0,26.15
RET0000210,SKU00332,21.79,25.16,0.0,10.86,57.81
RET0000211,SKU00245,19.75,75.17,0.0,6.03,100.95
RET0000212,SKU00053,24.13,35.72,0.0,48.61,108.46
RET0000213,SKU00314,25.9,32.0,0.0,39.66,97.56
RET0000214,SKU00192,33.66,114.48,0.0,0.0,148.14
RET0000215,SKU00066,31.91,15.23,0.0,16.24,63.38
RET0000216,SKU00319,15.56,10.33,0.0,11.74,37.63
RET0000217,SKU00302,28.25,12.54,0.0,23.67,64.46
RET0000218,SKU00211,19.24,44.92,0.0,17.32,81.48
RET0000219,SKU00029,23.75,8.29,0.0,0.71,32.75
RET0000220,SKU00236,33.18,20.64,0.0,22.17,75.99
RET0000221,SKU00375,22.84,23.23,0.0,28.82,74.89
RET0000222,SKU00148,24.15,51.56,0.0,23.75,99.46
RET0000223,SKU00151,31.31,13.82,0.0,5.96,51.09
RET0000224,SKU00294,31.88,12.67,0.0,15.11,59.66
RET0000225,SKU00156,34.93,114.26,0.0,49.25,198.44
RET0000226,SKU00329,10.97,46.68,0.0,39.08,96.73
RET0000227,SKU00006,12.33,24.64,18.48,0.0,55.45
RET0000228,SKU00316,27.81,36.88,0.0,7.51,72.2
RET0000229,SKU00203,14.7,26.59,0.0,11.87,53.16
RET0000230,SKU00279,15.54,40.72,0.0,48.06,104.32
RET0000231,SKU00088,19.24,11.6,0.0,5.77,36.61
RET0000232,SKU00367,27.91,35.19,0.0,19.38,82.48
RET0000233,SKU00097,23.24,18.77,0.0,0.0,42.01
RET0000234,SKU00338,26.89,71.96,0.0,67.57,166.42
RET0000235,SKU00157,26.38,3.03,0.0,4.7,34.11
RET0000236,SKU00026,33.42,102.94,77.21,0.0,213.57
RET0000237,SKU00311,17.36,7.52,0.0,0.0,24.88
RET0000238,SKU00381,25.6,54.12,40.59,0.0,120.31
RET0000239,SKU00163,11.71,44.36,0.0,2.85,58.92
RET0000240,SKU00114,19.79,2.39,0.0,0.0,22.18
RET0000241,SKU00002,17.21,50.54,0.0,25.01,92.76
RET0000242,SKU00381,10.01,54.12,40.59,0.0,104.72
RET0000243,SKU00322,10.4,83.94,0.0,0.0,94.34
RET0000244,SKU00161,12.22,7.08,0.0,9.19,28.49
RET0000245,SKU00340,26.25,18.75,0.0,36.1,81.1
RET0000246,SKU00408,26.55,20.09,0.0,19.18,65.82
RET0000247,SKU00006,26.58,15.4,0.0,0.2,42.18
RET0000248,SKU00215,32.37,17.91,13.43,0.0,63.71
RET0000249,SKU00121,26.16,80.69,0.0,0.0,106.85
RET0000250,SKU00414,34.52,37.55,0.0,40.06,112.13
RET0000251,SKU00046,19.58,87.33,0.0,47.19,154.1
RET0000252,SKU00312,20.73,43.98,0.0,12.66,77.37
RET0000253,SKU00182,20.71,11.75,0.0,0.0,32.46
RET0000254,SKU00130,27.56,9.17,0.0,7.58,44.31
RET0000255,SKU00001,26.82,148.2,111.15,0.0,286.17
RET0000256,SKU00288,34.12,69.22,0.0,7.9,111.24
RET0000257,SKU00127,23.78,93.37,0.0,22.52,139.67
RET0000258,SKU00364,21.72,37.74,0.0,0.0,59.46
RET0000259,SKU00319,19.76,25.82,0.0,14.14,59.72
RET0000260,SKU00037,23.42,23.55,0.0,10.4,57.37
RET0000261,SKU00061,32.39,13.11,0.0,6.55,52.05
RET0000262,SKU00288,30.64,27.69,0.0,87.2,145.53
RET0000263,SKU00086,19.68,15.26,0.0,20.06,55.0
RET0000264,SKU00169,34.3,28.21,0.0,14.05,76.56
RET0000265,SKU00307,13.41,62.82,0.0,0.0,76.23
RET0000266,SKU00168,22.53,58.17,0.0,0.0,80.7
RET0000267,SKU00349,21.02,24.99,0.0,13.97,59.98
RET0000268,SKU00032,22.27,186.0,0.0,70.71,278.98
RET0000269,SKU00286,30.49,11.61,0.0,2.94,45.04
RET0000270,SKU00264,27.11,23.73,0.0,17.85,68.69
RET0000271,SKU00242,17.92,27.48,0.0,13.96,59.36
RET0000272,SKU00375,19.17,23.23,0.0,17.7,60.1
RET0000273,SKU00126,22.29,58.05,0.0,40.32,120.66
RET0000274,SKU00346,10.93,38.41,0.0,21.47,70.81
RET0000275,SKU00293,25.26,36.08,0.0,0.0,61.34
RET0000276,SKU00280,17.44,26.13,0.0,0.0,43.57
RET0000277,SKU00090,27.91,39.14,0.0,20.76,87.81
RET0000278,SKU00074,21.53,141.71,106.28,0.0,269.52
RET0000279,SKU00294,32.66,50.68,38.01,0.0,121.35
RET0000280,SKU00291,17.31,24.63,0.0,0.0,41.94
RET0000281,SKU00293,25.87,14.43,0.0,12.78,53.08
RET0000282,SKU00370,13.56,6.83,0.0,7.1,27.49
RET0000283,SKU00361,34.32,136.82,0.0,37.02,208.16
RET0000284,SKU00277,25.42,66.53,0.0,37.03,128.98
RET0000285,SKU00274,25.19,27.38,0.0,1.2,53.77
RET0000286,SKU00120,10.08,34.87,0.0,17.5,62.45
RET0000287,SKU00156,21.23,45.7,0.0,136.52,203.45
RET0000288,SKU00393,11.97,39.43,29.57,0.0,80.97
RET0000289,SKU00336,26.52,11.9,0.0,33.94,72.36
RET0000290,SKU00364,15.8,37.74,0.0,0.0,53.54
RET0000291,SKU00088,20.9,28.99,0.0,0.0,49.89
RET0000292,SKU00152,34.53,82.79,0.0,37.35,154.67
RET0000293,SKU00209,27.76,33.13,24.85,0.0,85.74
RET0000294,SKU00185,30.14,32.34,0.0,0.0,62.48
RET0000295,SKU00017,10.36,72.81,0.0,87.61,170.78
RET0000296,SKU00039,28.39,31.32,0.0,2.75,62.46
RET0000297,SKU00327,19.73,31.68,0.0,135.13,186.54
RET0000298,SKU00262,27.4,3.52,0.0,0.0,30.92
RET0000299,SKU00340,11.38,18.75,0.0,0.0,30.13
RET0000300,SKU00249,23.86,14.31,0.0,6.15,44.32
RET0000301,SKU00313,28.95,2.91,0.0,1.37,33.23
RET0000302,SKU00296,31.69,32.46,0.0,26.4,90.55
RET0000303,SKU00356,30.37,18.21,0.0,0.0,48.58
RET0000304,SKU00067,15.35,34.39,0.0,11.52,61.26
RET0000305,SKU00246,33.01,28.52,21.39,0.0,82.92
RET0000306,SKU00228,34.41,62.62,0.0,2.29,99.32
RET0000307,SKU00390,10.88,5.47,0.0,6.0,22.35
RET0000308,SKU00251,25.41,16.0,12.0,0.0,53.41
RET0000309,SKU00116,14.51,26.5,0.0,24.7,65.71
RET0000310,SKU00013,29.59,49.9,0.0,0.0,79.49
RET0000311,SKU00113,10.43,6.44,0.0,0.0,16.87
RET0000312,SKU00011,20.8,18.29,0.0,4.62,43.71
RET0000313,SKU00065,31.84,21.09,0.0,13.26,66.19
RET0000314,SKU00355,17.39,8.68,0.0,3.18,29.25
RET0000315,SKU00150,13.33,8.53,0.0,4.77,26.63
RET0000316,SKU00152,22.43,33.12,0.0,35.09,90.64
RET0000317,SKU00077,32.4,63.15,0.0,22.51,118.06
RET0000318,SKU00389,16.41,22.68,0.0,13.88,52.97
RET0000319,SKU00274,26.15,10.95,0.0,11.79,48.89
RET0000320,SKU00059,30.31,7.96,0.0,2.58,40.85
RET0000321,SKU00412,14.41,53.62,0.0,144.47,212.5
RET0000322,SKU00068,21.23,67.82,0.0,18.11,107.16
RET0000323,SKU00120,10.31,34.87,0.0,17.55,62.73
RET0000324,SKU00306,11.34,12.12,0.0,0.32,23.78
RET0000325,SKU00198,28.96,56.65,0.0,45.29,130.9
RET0000326,SKU00089,19.01,42.64,0.0,15.73,77.38
RET0000327,SKU00387,30.45,26.77,0.0,0.0,57.22
RET0000328,SKU00254,17.72,44.58,0.0,1.78,64.08
RET0000329,SKU00145,33.09,82.31,0.0,14.37,129.77
RET0000330,SKU00271,31.1,60.24,0.0,0.0,91.34
RET0000331,SKU00049,17.94,15.29,0.0,11.09,44.32
RET0000332,SKU00044,23.28,22.27,0.0,7.81,53.36
RET0000333,SKU00135,31.8,23.21,0.0,0.0,55.01
RET0000334,SKU00183,17.21,7.84,0.0,0.0,25.05
RET0000335,SKU00292,13.87,19.26,0.0,8.45,41.58
RET0000336,SKU00112,28.69,6.87,0.0,6.79,42.35
RET0000337,SKU00088,32.09,11.6,0.0,3.49,47.18
RET0000338,SKU00318,19.5,24.56,0.0,6.29,50.35
RET0000339,SKU00243,33.69,12.2,0.0,0.0,45.89
RET0000340,SKU00031,13.79,4.3,0.0,4.26,22.35
RET0000341,SKU00021,17.09,2.84,0.0,4.25,24.18
RET0000342,SKU00019,16.42,48.75,36.56,0.0,101.73
RET0000343,SKU00272,26.7,50.95,0.0,14.01,91.66
RET0000344,SKU00208,19.4,29.97,0.0,0.0,49.37
RET0000345,SKU00013,21.73,124.74,0.0,24.62,171.09
RET0000346,SKU00263,33.94,18.3,0.0,8.35,60.59
RET0000347,SKU00059,33.46,7.96,0.0,2.93,44.35
RET0000348,SKU00140,27.42,5.26,0.0,6.7,39.38
RET0000349,SKU00258,11.25,9.92,0.0,1.05,22.22
RET0000350,SKU00097,29.48,18.77,0.0,8.31,56.56
RET0000351,SKU00172,13.15,5.76,0.0,5.0,23.91
RET0000352,SKU00289,33.5,11.81,0.0,4.74,50.05
RET0000353,SKU00310,12.89,48.02,0.0,0.0,60.91
RET0000354,SKU00330,25.35,14.75,0.0,12.86,52.96
RET0000355,SKU00275,13.74,23.05,0.0,28.05,64.84
RET0000356,SKU00096,33.48,6.95,0.0,3.91,44.34
RET0000357,SKU00055,15.11,49.64,0.0,56.3,121.05
RET0000358,SKU00382,29.2,36.4,0.0,10.67,76.27
RET0000359,SKU00127,24.7,149.4,112.05,0.0,286.15
RET0000360,SKU00209,30.19,20.7,0.0,5.14,56.03
RET0000361,SKU00030,12.34,37.08,0.0,18.55,67.97
RET0000362,SKU00259,20.28,16.79,0.0,0.0,37.07
RET0000363,SKU00327,13.86,31.68,0.0,64.54,110.08
RET0000364,SKU00291,21.98,24.63,0.0,2.95,49.56
RET0000365,SKU00329,23.85,46.68,0.0,24.84,95.37
RET0000366,SKU00321,23.79,3.59,0.0,0.0,27.38
RET0000367,SKU00005,22.72,25.9,0.0,14.98,63.6
RET0000368,SKU00054,19.56,9.45,0.0,11.27,40.28
RET0000369,SKU00322,32.75,33.57,0.0,0.0,66.32
RET0000370,SKU00342,16.33,15.63,0.0,5.49,37.45
RET0000371,SKU00102,23.27,13.74,0.0,0.0,37.01
RET0000372,SKU00246,16.33,7.13,0.0,10.06,33.52
RET0000373,SKU00363,26.97,9.22,0.0,0.0,36.19
RET0000374,SKU00148,19.83,51.56,0.0,3.66,75.05
RET0000375,SKU00157,15.86,3.03,0.0,2.79,21.68
RET0000376,SKU00313,22.48,7.27,0.0,7.31,37.06
RET0000377,SKU00034,13.39,22.44,0.0,20.1,55.93
RET0000378,SKU00304,15.97,26.08,0.0,10.42,52.47
RET0000379,SKU00260,23.58,16.6,0.0,11.18,51.36
RET0000380,SKU00332,10.04,25.16,0.0,3.33,38.53
RET0000381,SKU00297,28.9,10.71,0.0,9.61,49.22
RET0000382,SKU00111,34.41,41.39,0.0,113.95,189.75
RET0000383,SKU00037,32.78,37.68,28.26,0.0,98.72
RET0000384,SKU00249,16.53,35.77,0.0,2.45,54.75
RET0000385,SKU00202,26.06,13.8,0.0,5.26,45.12
RET0000386,SKU00079,12.97,266.11,0.0,0.0,279.08
RET0000387,SKU00094,28.55,56.94,0.0,14.89,100.38
RET0000388,SKU00381,14.69,54.12,40.59,0.0,109.4
RET0000389,SKU00170,24.2,8.2,0.0,2.86,35.26
RET0000390,SKU00225,22.76,36.49,27.37,0.0,86.62
RET0000391,SKU00110,31.43,5.88,0.0,0.0,37.31
RET0000392,SKU00117,21.54,29.28,0.0,34.42,85.24
RET0000393,SKU00301,32.26,20.18,0.0,0.0,52.44
RET0000394,SKU00050,26.53,116.06,0.0,0.0,142.59
RET0000395,SKU00224,34.89,37.04,0.0,39.21,111.14
RET0000396,SKU00020,33.19,4.51,0.0,0.62,38.32
RET0000397,SKU00303,34.81,117.69,88.27,0.0,240.77
RET0000398,SKU00300,16.89,38.52,0.0,18.87,74.28
RET0000399,SKU00381,24.46,33.83,0.0,0.0,58.29
RET0000400,SKU00045,16.2,18.15,0.0,7.14,41.49
RET0000401,SKU00288,34.16,27.69,0.0,7.85,69.7
RET0000402,SKU00305,29.06,13.9,0.0,6.16,49.12
RET0000403,SKU00035,22.33,31.23,0.0,42.55,96.11
RET0000404,SKU00002,18.98,80.87,60.65,0.0,160.5
RET0000405,SKU00078,16.98,15.09,0.0,5.16,37.23
RET0000406,SKU00390,23.67,5.47,0.0,5.81,34.95
RET0000407,SKU00116,23.43,106.01,79.51,0.0,208.95
RET0000408,SKU00129,17.83,74.62,55.96,0.0,148.41
RET0000409,SKU00148,25.0,20.63,0.0,2.93,48.56
RET0000410,SKU00095,18.65,66.54,0.0,42.18,127.37
RET0000411,SKU00164,13.34,30.37,0.0,8.53,52.24
RET0000412,SKU00372,19.51,9.86,0.0,7.92,37.29
RET0000413,SKU00003,26.8,16.6,0.0,10.27,53.67
RET0000414,SKU00094,34.19,56.94,0.0,29.26,120.39
RET0000415,SKU00256,14.13,17.43,0.0,0.0,31.56
RET0000416,SKU00084,28.16,144.96,0.0,24.58,197.7
RET0000417,SKU00067,29.15,34.39,0.0,38.7,102.24
RET0000418,SKU00383,29.5,3.41,0.0,4.1,37.01
RET0000419,SKU00188,26.65,9.67,0.0,11.49,47.81
RET0000420,SKU00013,10.35,49.9,0.0,7.42,67.67
RET0000421,SKU00054,23.91,9.45,0.0,9.18,42.54
RET0000422,SKU00223,14.26,13.48,0.0,9.87,37.61
RET0000423,SKU00331,20.36,14.54,0.0,1.93,36.83
RET0000424,SKU00131,19.12,24.78,0.0,0.0,43.9
RET0000425,SKU00264,27.81,23.73,0.0,0.0,51.54
RET0000426,SKU00052,13.51,61.35,0.0,33.02,107.88
RET0000427,SKU00085,28.9,8.94,0.0,0.08,37.92
RET0000428,SKU00079,15.96,266.11,0.0,256.64,538.71
RET0000429,SKU00051,11.88,27.09,0.0,38.0,76.97
RET0000430,SKU00381,22.86,33.83,0.0,18.07,74.76
RET0000431,SKU00244,13.98,187.04,0.0,66.54,267.56
RET0000432,SKU00050,13.13,46.42,0.0,47.79,107.34
RET0000433,SKU00103,28.44,32.66,24.5,0.0,85.6
RET0000434,SKU00141,24.67,8.74,0.0,16.09,49.5
RET0000435,SKU00142,26.47,94.5,0.0,9.44,130.41
RET0000436,SKU00259,31.69,16.79,0.0,9.88,58.36
RET0000437,SKU00128,10.05,110.74,0.0,0.0,120.79
RET0000438,SKU00326,33.25,11.64,0.0,6.3,51.19
RET0000439,SKU00301,16.25,8.07,0.0,0.0,24.32
RET0000440,SKU00257,26.34,69.39,0.0,39.35,135.08
RET0000441,SKU00383,23.63,8.53,0.0,2.42,34.58
RET0000442,SKU00267,15.73,11.74,0.0,2.39,29.86
RET0000443,SKU00305,27.18,34.75,0.0,0.0,61.93
RET0000444,SKU00026,21.11,25.74,0.0,9.39,56.24
RET0000445,SKU00259,28.01,6.72,0.0,3.95,38.68
RET0000446,SKU00053,28.08,89.29,0.0,13.71,131.08
RET0000447,SKU00052,19.94,98.16,73.62,0.0,191.72
RET0000448,SKU00091,28.46,34.49,0.0,9.77,72.72
RET0000449,SKU00391,13.2,35.34,0.0,23.22,71.76
RET0000450,SKU00148,33.0,20.63,0.0,9.45,63.08
RET0000451,SKU00075,34.12,59.29,0.0,9.99,103.4
RET0000452,SKU00124,23.28,17.36,0.0,0.0,40.64
RET0000453,SKU00085,11.38,35.74,26.8,0.0,73.92
RET0000454,SKU00099,29.77,90.84,0.0,42.97,163.58
RET0000455,SKU00123,24.55,25.79,0.0,17.49,67.83
RET0000456,SKU00378,29.4,28.24,0.0,33.1,90.74
RET0000457,SKU00288,16.43,110.76,83.07,0.0,210.26
RET0000458,SKU00147,11.1,42.46,0.0,0.0,53.56
RET0000459,SKU00110,19.33,2.35,0.0,1.84,23.52
RET0000460,SKU00055,34.5,49.64,0.0,64.81,148.95
RET0000461,SKU00156,16.98,182.81,137.11,0.0,336.9
RET0000462,SKU00001,18.09,37.05,0.0,0.0,55.14
RET0000463,SKU00352,30.14,14.16,0.0,1.88,46.18
RET0000464,SKU00390,32.63,21.88,16.41,0.0,70.92
RET0000465,SKU00093,32.4,32.81,0.0,7.45,72.66
RET0000466,SKU00253,25.64,15.05,0.0,5.79,46.48
RET0000467,SKU00348,20.0,13.18,0.0,8.6,41.78
RET0000468,SKU00051,22.11,27.09,0.0,0.0,49.2
RET0000469,SKU00364,14.89,37.74,0.0,0.0,52.63
RET0000470,SKU00026,17.0,25.74,0.0,20.77,63.51
RET0000471,SKU00257,32.48,69.39,0.0,39.9,141.77
RET0000472,SKU00291,11.44,24.63,0.0,4.54,40.61
RET0000473,SKU00216,17.44,3.91,0.0,2.32,23.67
RET0000474,SKU00112,18.34,6.87,0.0,6.67,31.88
RET0000475,SKU00373,27.77,16.65,0.0,5.76,50.18
RET0000476,SKU00376,23.15,13.31,0.0,0.0,36.46
RET0000477,SKU00406,28.02,12.05,0.0,5.2,45.27
RET0000478,SKU00150,29.72,8.53,0.0,6.15,44.4
RET0000479,SKU00348,19.18,13.18,0.0,9.81,42.17
RET0000480,SKU00254,15.72,44.58,0.0,19.24,79.54
RET0000481,SKU00184,18.97,74.75,56.06,0.0,149.78
RET0000482,SKU00235,23.49,63.83,0.0,92.61,179.93
RET0000483,SKU00357,10.41,78.43,0.0,28.42,117.26
RET0000484,SKU00101,31.04,10.24,0.0,0.0,41.28
RET0000485,SKU00114,12.27,9.54,7.16,0.0,28.97
RET0000486,SKU00033,23.38,4.36,0.0,5.92,33.66
RET0000487,SKU00200,22.43,88.72,66.54,0.0,177.69
RET0000488,SKU00274,17.59,10.95,0.0,12.75,41.29
RET0000489,SKU00041,23.12,32.01,0.0,12.99,68.12
RET0000490,SKU00084,28.69,144.96,0.0,8.9,182.55
RET0000491,SKU00232,28.67,74.0,0.0,27.5,130.17
RET0000492,SKU00269,16.62,19.68,0.0,0.0,36.3
RET0000493,SKU00285,28.04,4.97,0.0,0.0,33.01
RET0000494,SKU00093,10.27,82.03,0.0,3.82,96.12
RET0000495,SKU00176,11.53,12.58,0.0,18.17,42.28
RET0000496,SKU00407,11.22,77.18,0.0,72.01,160.41
RET0000497,SKU00310,10.65,120.06,0.0,64.85,195.56
RET0000498,SKU00144,23.89,63.06,0.0,88.67,175.62
RET0000499,SKU00321,11.23,3.59,0.0,14.15,28.97
RET0000500,SKU00181,10.82,32.44,0.0,39.87,83.13
RET0000501,SKU00003,32.51,16.6,0.0,0.0,49.11
RET0000502,SKU00329,24.18,18.67,0.0,6.39,49.24
RET0000503,SKU00290,24.25,46.5,34.87,0.0,105.62
RET0000504,SKU00398,19.95,6.57,0.0,6.85,33.37
RET0000505,SKU00380,18.66,24.73,0.0,58.83,102.22
RET0000506,SKU00125,14.87,11.06,0.0,7.9,33.83
RET0000507,SKU00215,21.44,17.91,13.43,0.0,52.78
RET0000508,SKU00323,24.8,5.62,0.0,0.0,30.42
RET0000509,SKU00343,29.81,15.87,0.0,10.12,55.8
RET0000510,SKU00139,29.57,22.23,0.0,13.75,65.55
RET0000511,SKU00345,26.96,9.31,0.0,0.0,36.27
RET0000512,SKU00051,22.52,27.09,0.0,117.67,167.28
RET0000513,SKU00072,19.53,30.18,0.0,8.97,58.68
RET0000514,SKU00179,25.61,523.8,392.85,0.0,942.26
RET0000515,SKU00305,21.86,34.75,0.0,0.0,56.61
RET0000516,SKU00241,33.19,24.5,0.0,0.68,58.37
RET0000517,SKU00047,21.46,19.64,0.0,11.58,52.68
RET0000518,SKU00016,23.24,14.74,0.0,8.78,46.76
RET0000519,SKU00128,16.43,276.84,0.0,0.0,293.27
RET0000520,SKU00163,34.66,44.36,0.0,13.83,92.85
RET0000521,SKU00038,22.38,6.66,0.0,13.65,42.69
RET0000522,SKU00191,30.68,60.12,0.0,12.31,103.11
RET0000523,SKU00294,12.11,12.67,0.0,16.06,40.84
RET0000524,SKU00372,16.49,3.94,0.0,0.0,20.43
RET0000525,SKU00222,23.75,36.53,0.0,5.23,65.51
RET0000526,SKU00363,22.14,9.22,0.0,3.02,34.38
RET0000527,SKU00001,32.33,148.2,111.15,0.0,291.68
RET0000528,SKU00080,10.6,5.85,0.0,3.37,19.82
RET0000529,SKU00244,23.77,299.26,224.45,0.0,547.48
RET0000530,SKU00026,21.9,64.34,0.0,15.09,101.33
RET0000531,SKU00121,29.04,32.28,0.0,0.0,61.32
RET0000532,SKU00331,31.69,5.82,0.0,8.61,46.12
RET0000533,SKU00306,27.86,4.85,0.0,2.19,34.9
RET0000534,SKU00109,13.35,14.36,0.0,0.62,28.33
RET0000535,SKU00372,15.59,9.86,0.0,2.89,28.34
RET0000536,SKU00321,21.53,3.59,0.0,1.22,26.34
RET0000537,SKU00081,34.41,17.53,0.0,22.39,74.33
RET0000538,SKU00211,16.87,44.92,0.0,1.9,63.69
RET0000539,SKU00092,10.12,1.72,0.0,0.0,11.84
RET0000540,SKU00162,26.56,12.71,0.0,9.37,48.64
RET0000541,SKU00002,33.67,50.54,0.0,29.28,113.49
RET0000542,SKU00079,15.05,266.11,0.0,124.82,405.98
RET0000543,SKU00197,25.94,16.01,0.0,9.41,51.36
RET0000544,SKU00207,21.79,15.65,0.0,11.86,49.3
RET0000545,SKU00404,17.13,6.38,0.0,1.19,24.7
RET0000546,SKU00097,29.75,18.77,0.0,61.52,110.04
RET0000547,SKU00148,10.29,20.63,0.0,7.14,38.06
RET0000548,SKU00089,26.64,42.64,0.0,5.68,74.96
RET0000549,SKU00215,32.21,4.48,0.0,5.99,42.68
RET0000550,SKU00118,13.43,20.76,0.0,3.92,38.11
RET0000551,SKU00210,14.74,34.18,0.0,0.0,48.92
RET0000552,SKU00293,34.61,36.08,0.0,30.34,101.03
RET0000553,SKU00008,24.91,117.49,88.12,0.0,230.52
RET0000554,SKU00262,18.29,3.52,0.0,4.46,26.27
RET0000555,SKU00322,26.16,33.57,0.0,25.89,85.62
RET0000556,SKU00249,32.42,14.31,0.0,6.18,52.91
RET0000557,SKU00327,27.48,126.73,95.05,0.0,249.26
RET0000558,SKU00178,32.67,29.71,0.0,24.94,87.32
RET0000559,SKU00357,22.9,78.43,0.0,43.9,145.23
RET0000560,SKU00307,26.19,62.82,0.0,49.02,138.03
RET0000561,SKU00295,13.65,40.53,0.0,25.47,79.65
RET0000562,SKU00055,28.2,124.11,0.0,137.49,289.8
RET0000563,SKU00393,21.92,24.64,0.0,9.62,56.18
RET0000564,SKU00024,29.21,33.66,0.0,23.22,86.09
RET0000565,SKU00309,21.17,7.6,0.0,0.0,28.77
RET0000566,SKU00170,20.6,20.51,0.0,12.87,53.98
RET0000567,SKU00318,10.46,9.82,0.0,0.0,20.28
RET0000568,SKU00062,34.19,43.99,0.0,21.85,100.03
RET0000569,SKU00389,13.86,22.68,0.0,49.85,86.39
RET0000570,SKU00086,19.16,15.26,0.0,4.24,38.66
RET0000571,SKU00042,21.99,44.28,33.21,0.0,99.48
RET0000572,SKU00173,22.69,113.59,85.19,0.0,221.47
RET0000573,SKU00352,19.14,5.66,0.0,5.93,30.73
RET0000574,SKU00268,31.12,17.9,0.0,8.93,57.95
RET0000575,SKU00191,11.14,60.12,0.0,0.0,71.26
RET0000576,SKU00235,15.46,159.58,0.0,4.94,179.98
RET0000577,SKU00257,25.82,69.39,0.0,21.32,116.53
RET0000578,SKU00130,19.17,22.93,0.0,0.0,42.1
RET0000579,SKU00365,22.92,11.48,0.0,0.0,34.4
RET0000580,SKU00281,22.82,35.97,0.0,0.0,58.79
RET0000581,SKU00338,10.53,71.96,0.0,105.74,188.23
RET0000582,SKU00400,34.6,12.81,0.0,16.28,63.69
RET0000583,SKU00228,31.95,62.62,0.0,25.49,120.06
RET0000584,SKU00217,10.59,6.44,0.0,7.82,24.85
RET0000585,SKU00054,15.47,9.45,0.0,18.6,43.52
RET0000586,SKU00067,31.1,137.55,103.16,0.0,271.81
RET0000587,SKU00368,21.22,19.58,0.0,14.66,55.46
RET0000588,SKU00322,17.42,83.94,0.0,0.0,101.36
RET0000589,SKU00146,30.21,4.89,0.0,3.09,38.19
RET0000590,SKU00380,18.24,24.73,0.0,58.98,101.95
RET0000591,SKU00345,12.11,23.27,0.0,0.0,35.38
RET0000592,SKU00150,15.75,8.53,0.0,9.15,33.43
RET0000593,SKU00123,24.81,25.79,0.0,18.66,69.26
RET0000594,SKU00065,28.17,21.09,0.0,0.0,49.26
RET0000595,SKU00194,12.05,10.03,0.0,9.17,31.25
RET0000596,SKU00410,13.9,19.69,0.0,6.17,39.76
RET0000597,SKU00085,30.3,35.74,26.8,0.0,92.84
RET0000598,SKU00110,24.5,2.35,0.0,0.0,26.85
RET0000599,SKU00038,31.43,26.64,19.98,0.0,78.05
RET0000600,SKU00154,34.51,25.0,0.0,6.92,66.43
RET0000601,SKU00040,20.94,43.92,0.0,19.93,84.79
RET0000602,SKU00226,17.62,13.9,0.0,14.49,46.01
RET0000603,SKU00404,31.53,15.96,0.0,7.48,54.97
RET0000604,SKU00403,24.7,38.1,0.0,4.4,67.2
RET0000605,SKU00101,13.73,25.59,0.0,0.0,39.32
RET0000606,SKU00396,14.67,13.81,0.0,7.75,36.23
RET0000607,SKU00004,22.32,22.08,16.56,0.0,60.96
RET0000608,SKU00080,30.13,5.85,0.0,0.0,35.98
RET0000609,SKU00353,23.14,17.95,0.0,0.0,41.09
RET0000610,SKU00251,11.85,10.0,0.0,1.54,23.39
RET0000611,SKU00189,17.93,8.13,0.0,0.0,26.06
RET0000612,SKU00328,10.76,17.1,0.0,7.1,34.96
RET0000613,SKU00390,31.27,13.68,0.0,6.49,51.44
RET0000614,SKU00282,32.91,18.79,0.0,14.1,65.8
RET0000615,SKU00290,17.62,11.62,0.0,3.91,33.15
RET0000616,SKU00388,23.07,66.32,0.0,0.0,89.39
RET0000617,SKU00013,14.62,49.9,0.0,7.12,71.64
RET0000618,SKU00185,25.01,51.74,38.8,0.0,115.55
RET0000619,SKU00263,23.2,7.32,0.0,3.39,33.91
RET0000620,SKU00016,32.03,14.74,0.0,17.38,64.15
RET0000621,SKU00131,16.66,61.96,0.0,1.98,80.6
RET0000622,SKU00212,16.44,56.06,0.0,8.12,80.62
RET0000623,SKU00278,30.52,29.81,0.0,10.99,71.32
RET0000624,SKU00207,16.07,62.6,46.95,0.0,125.62
RET0000625,SKU00158,14.64,188.65,141.49,0.0,344.78
RET0000626,SKU00260,19.91,41.5,0.0,4.12,65.53
RET0000627,SKU00339,16.73,2.84,0.0,2.11,21.68
RET0000628,SKU00184,28.54,18.69,0.0,0.11,47.34
RET0000629,SKU00384,32.34,23.49,0.0,1.85,57.68
RET0000630,SKU00383,15.71,3.41,0.0,0.0,19.12
RET0000631,SKU00276,18.11,5.52,0.0,11.25,34.88
RET0000632,SKU00308,31.96,24.32,0.0,0.0,56.28
RET0000633,SKU00359,27.99,5.28,0.0,0.0,33.27
RET0000634,SKU00367,17.81,14.08,0.0,10.13,42.02
RET0000635,SKU00207,26.93,15.65,0.0,16.97,59.55
RET0000636,SKU00328,14.14,42.76,0.0,19.68,76.58
RET0000637,SKU00240,23.44,41.9,0.0,28.3,93.64
RET0000638,SKU00058,22.08,9.52,0.0,0.78,32.38
RET0000639,SKU00266,27.71,28.32,0.0,29.54,85.57
RET0000640,SKU00159,29.85,9.84,0.0,0.0,39.69
RET0000641,SKU00140,26.92,5.26,0.0,0.77,32.95
RET0000642,SKU00033,24.75,4.36,0.0,0.85,29.96
RET0000643,SKU00319,28.92,10.33,0.0,0.0,39.25
RET0000644,SKU00263,22.44,18.3,0.0,0.94,41.68
RET0000645,SKU00155,28.21,34.63,25.97,0.0,88.81
RET0000646,SKU00019,11.32,12.19,0.0,8.3,31.81
RET0000647,SKU00252,19.43,154.04,0.0,17.21,190.68
RET0000648,SKU00051,30.39,108.35,81.26,0.0,220.0
RET0000649,SKU00068,31.44,27.13,0.0,31.18,89.75
RET0000650,SKU00304,10.87,26.08,0.0,0.08,37.02
RET0000651,SKU00165,27.9,286.89,0.0,162.72,477.51
RET0000652,SKU00030,11.89,37.08,0.0,21.9,70.87
RET0000653,SKU00243,30.52,12.2,0.0,14.18,56.9
RET0000654,SKU00254,30.87,17.83,0.0,23.01,71.71
RET0000655,SKU00073,34.85,9.31,0.0,4.41,48.57
RET0000656,SKU00198,16.72,226.61,169.96,0.0,413.29
RET0000657,SKU00096,29.7,2.78,0.0,3.63,36.11
RET0000658,SKU00022,10.67,145.69,0.0,33.58,189.94
RET0000659,SKU00057,21.41,14.64,0.0,9.23,45.28
RET0000660,SKU00228,12.5,25.05,0.0,67.32,104.87
RET0000661,SKU00213,31.5,72.77,0.0,41.25,145.52
RET0000662,SKU00376,17.46,13.31,0.0,0.0,30.77
RET0000663,SKU00014,26.71,63.66,47.75,0.0,138.12
RET0000664,SKU00276,26.06,5.52,0.0,7.94,39.52
RET0000665,SKU00133,12.14,39.73,0.0,25.75,77.62
RET0000666,SKU00400,34.61,12.81,0.0,15.13,62.55
RET0000667,SKU00408,33.08,50.22,0.0,17.22,100.52
RET0000668,SKU00121,15.97,80.69,0.0,28.76,125.42
RET0000669,SKU00171,10.31,49.95,0.0,9.13,69.39
RET0000670,SKU00153,25.63,75.72,56.79,0.0,158.14
RET0000671,SKU00244,13.06,74.82,0.0,216.0,303.88
RET0000672,SKU00168,15.88,23.27,0.0,12.04,51.19
RET0000673,SKU00045,14.95,29.04,21.78,0.0,65.77
RET0000674,SKU00373,20.33,16.65,0.0,0.0,36.98
RET0000675,SKU00105,11.74,8.65,0.0,17.2,37.59
RET0000676,SKU00200,18.57,22.18,0.0,12.09,52.84
RET0000677,SKU00201,31.3,81.76,0.0,34.75,147.81
RET0000678,SKU00307,22.02,157.04,0.0,0.0,179.06
RET0000679,SKU00166,22.7,16.76,0.0,0.0,39.46
RET0000680,SKU00109,28.47,14.36,0.0,3.31,46.14
RET0000681,SKU00384,14.31,23.49,0.0,2.73,40.53
RET0000682,SKU00144,11.72,157.66,0.0,49.94,219.32
RET0000683,SKU00237,16.87,43.75,0.0,36.62,97.24
RET0000684,SKU00235,15.9,159.58,0.0,0.0,175.48
RET0000685,SKU00068,24.56,27.13,0.0,11.82,63.51
RET0000686,SKU00301,16.98,20.18,0.0,11.36,48.52
RET0000687,SKU00171,23.85,49.95,0.0,14.33,88.13
RET0000688,SKU00294,28.04,31.68,0.0,10.71,70.43
RET0000689,SKU00315,31.82,18.68,0.0,0.0,50.5
RET0000690,SKU00036,17.46,33.0,0.0,9.24,59.7
RET0000691,SKU00264,34.53,23.73,0.0,9.92,68.18
RET0000692,SKU00029,14.7,8.29,0.0,3.34,26.33
RET0000693,SKU00404,29.76,15.96,0.0,7.72,53.44
RET0000694,SKU00172,26.35,5.76,0.0,8.45,40.56
RET0000695,SKU00181,18.81,81.1,0.0,0.0,99.91
RET0000696,SKU00199,12.43,53.26,0.0,11.58,77.27
RET0000697,SKU00362,32.14,14.38,0.0,6.53,53.05
RET0000698,SKU00314,20.87,79.99,0.0,4.41,105.27
RET0000699,SKU00184,20.48,46.72,0.0,15.27,82.47
RET0000700,SKU00018,11.3,2.56,0.0,1.98,15.84
RET0000701,SKU00149,12.47,3.5,0.0,0.0,15.97
RET0000702,SKU00176,26.71,31.44,0.0,21.18,79.33
RET0000703,SKU00003,20.62,41.51,0.0,0.0,62.13
RET0000704,SKU00314,28.25,32.0,0.0,0.0,60.25
RET0000705,SKU00084,19.05,57.99,0.0,33.78,110.82
RET0000706,SKU00198,16.47,141.63,0.0,0.0,158.1
RET0000707,SKU00321,28.26,3.59,0.0,0.0,31.85
RET0000708,SKU00377,12.98,37.53,0.0,0.0,50.51
RET0000709,SKU00305,24.37,13.9,0.0,1.94,40.21
RET0000710,SKU00226,20.66,34.76,0.0,6.18,61.6
RET0000711,SKU00382,11.99,14.56,0.0,53.02,79.57
RET0000712,SKU00049,26.93,38.23,0.0,11.39,76.55
RET0000713,SKU00185,33.64,51.74,38.8,0.0,124.18
RET0000714,SKU00246,12.58,7.13,0.0,7.18,26.89
RET0000715,SKU00085,17.98,35.74,26.8,0.0,80.52
RET0000716,SKU00339,18.86,2.84,0.0,5.96,27.66
RET0000717,SKU00190,27.31,41.48,31.11,0.0,99.9
RET0000718,SKU00082,24.37,8.18,0.0,0.46,33.01
RET0000719,SKU00271,20.8,60.24,0.0,1.97,83.01
RET0000720,SKU00046,32.75,87.33,0.0,50.05,170.13
RET0000721,SKU00137,18.76,29.62,0.0,13.13,61.51
RET0000722,SKU00259,21.43,16.79,0.0,0.0,38.22
RET0000723,SKU00066,26.35,15.23,0.0,5.31,46.89
RET0000724,SKU00266,10.58,45.3,33.98,0.0,89.86
RET0000725,SKU00289,27.14,29.54,0.0,9.25,65.93
RET0000726,SKU00077,17.96,63.15,0.0,17.5,98.61
RET0000727,SKU00213,25.51,29.11,0.0,36.41,91.03
RET0000728,SKU00332,26.14,10.07,0.0,0.0,36.21
RET0000729,SKU00218,12.56,16.19,0.0,10.95,39.7
RET0000730,SKU00026,32.21,64.34,0.0,24.89,121.44
RET0000731,SKU00087,31.03,9.07,0.0,12.3,52.4
RET0000732,SKU00395,14.63,59.77,0.0,24.71,99.11
RET0000733,SKU00069,29.31,10.9,0.0,11.2,51.41
RET0000734,SKU00244,12.18,74.82,0.0,22.99,109.99
RET0000735,SKU00363,26.85,36.86,27.65,0.0,91.36
RET0000736,SKU00344,11.28,15.08,0.0,17.33,43.69
RET0000737,SKU00356,23.92,18.21,0.0,13.87,56.0
RET0000738,SKU00243,29.89,30.51,0.0,5.25,65.65
RET0000739,SKU00360,27.66,32.31,0.0,28.07,88.04
RET0000740,SKU00117,20.68,29.28,0.0,0.0,49.96
RET0000741,SKU00272,13.15,50.95,0.0,8.6,72.7
RET0000742,SKU00020,17.3,18.03,13.52,0.0,48.85
RET0000743,SKU00359,27.61,5.28,0.0,0.0,32.89
RET0000744,SKU00108,22.65,52.61,0.0,40.17,115.43
RET0000745,SKU00223,28.67,5.39,0.0,2.02,36.08
RET0000746,SKU00306,20.98,12.12,0.0,0.0,33.1
RET0000747,SKU00264,32.35,23.73,0.0,23.05,79.13
RET0000748,SKU00179,26.96,130.95,0.0,75.1,233.01
RET0000749,SKU00115,25.63,5.66,0.0,0.0,31.29
RET0000750,SKU00239,14.27,18.68,0.0,0.0,32.95
RET0000751,SKU00093,23.58,32.81,0.0,68.01,124.4
RET0000752,SKU00268,34.33,17.9,0.0,0.0,52.23
RET0000753,SKU00213,14.67,29.11,0.0,129.84,173.62
RET0000754,SKU00163,21.13,17.74,0.0,14.84,53.71
RET0000755,SKU00244,10.34,187.04,0.0,59.39,256.77
RET0000756,SKU00392,28.85,25.32,0.0,0.0,54.17
RET0000757,SKU00208,15.13,29.97,0.0,57.87,102.97
RET0000758,SKU00072,33.86,30.18,0.0,8.0,72.04
RET0000759,SKU00272,28.21,20.38,0.0,10.26,58.85
RET0000760,SKU00125,19.72,44.24,33.18,0.0,97.14
RET0000761,SKU00115,28.3,5.66,0.0,2.19,36.15
RET0000762,SKU00051,24.87,67.72,0.0,25.03,117.62
RET0000763,SKU00029,29.6,20.73,0.0,5.18,55.51
RET0000764,SKU00092,21.03,4.31,0.0,1.19,26.53
RET0000765,SKU00318,15.61,9.82,0.0,34.06,59.49
RET0000766,SKU00374,23.91,9.29,0.0,23.57,56.77
RET0000767,SKU00174,12.32,8.38,0.0,9.94,30.64
RET0000768,SKU00200,21.28,55.45,0.0,47.82,124.55
RET0000769,SKU00384,31.93,23.49,0.0,36.33,91.75
RET0000770,SKU00005,18.82,41.44,31.08,0.0,91.34
RET0000771,SKU00113,24.28,10.31,7.73,0.0,42.32
RET0000772,SKU00071,22.67,9.69,0.0,1.13,33.49
RET0000773,SKU00172,10.56,5.76,0.0,0.0,16.32
RET0000774,SKU00199,28.79,21.31,0.0,3.82,53.92
RET0000775,SKU00084,23.29,144.96,0.0,81.96,250.21
RET0000776,SKU00026,18.48,25.74,0.0,19.28,63.5
RET0000777,SKU00005,34.53,10.36,0.0,10.11,55.0
RET0000778,SKU00188,12.35,24.18,0.0,1.03,37.56
RET0000779,SKU00059,29.86,19.89,0.0,10.6,60.35
RET0000780,SKU00351,22.23,12.62,0.0,3.73,38.58
RET0000781,SKU00256,19.04,17.43,0.0,0.0,36.47
RET0000782,SKU00005,18.73,25.9,0.0,7.23,51.86
RET0000783,SKU00076,27.7,19.83,0.0,0.0,47.53
RET0000784,SKU00060,33.56,46.9,35.17,0.0,115.63
RET0000785,SKU00133,16.62,99.34,0.0,44.64,160.6
RET0000786,SKU00345,21.31,9.31,0.0,7.73,38.35
RET0000787,SKU00244,20.62,187.04,0.0,57.73,265.39
RET0000788,SKU00254,26.63,44.58,0.0,53.03,124.24
RET0000789,SKU00206,12.02,12.44,0.0,9.53,33.99
RET0000790,SKU00164,20.49,30.37,0.0,3.16,54.02
RET0000791,SKU00314,18.58,79.99,0.0,29.49,128.06
RET0000792,SKU00231,22.68,12.89,0.0,16.44,52.01
RET0000793,SKU00255,11.76,84.51,0.0,38.86,135.13
RET0000794,SKU00217,26.05,6.44,0.0,18.04,50.53
RET0000795,SKU00156,23.92,45.7,0.0,49.28,118.9
RET0000796,SKU00390,15.03,13.68,0.0,6.62,35.33
RET0000797,SKU00052,20.25,24.54,0.0,24.56,69.35
RET0000798,SKU00205,32.6,66.43,0.0,11.43,110.46
RET0000799,SKU00114,24.15,2.39,0.0,1.22,27.76
RET0000800,SKU00224,32.11,37.04,0.0,0.0,69.15
RET0000801,SKU00350,17.35,17.78,0.0,9.72,44.85
RET0000802,SKU00117,29.06,29.28,0.0,31.03,89.37
RET0000803,SKU00307,33.24,62.82,0.0,0.0,96.06
RET0000804,SKU00305,23.52,13.9,0.0,0.44,37.86
RET0000805,SKU00178,27.63,29.71,0.0,16.6,73.94
RET0000806,SKU00381,24.52,33.83,0.0,0.0,58.35
RET0000807,SKU00139,13.45,55.58,0.0,28.13,97.16
RET0000808,SKU00315,32.69,18.68,0.0,10.38,61.74
RET0000809,SKU00384,19.36,9.4,0.0,1.26,30.02
RET0000810,SKU00303,18.32,73.56,0.0,21.74,113.62
RET0000811,SKU00193,30.12,28.0,0.0,1.52,59.64
RET0000812,SKU00084,18.97,144.96,0.0,27.83,191.76
RET0000813,SKU00030,23.64,14.83,0.0,17.91,56.38
RET0000814,SKU00169,27.86,11.28,0.0,0.48,39.62
RET0000815,SKU00091,14.16,13.8,0.0,2.75,30.71
RET0000816,SKU00257,29.53,27.76,0.0,34.46,91.75
RET0000817,SKU00335,20.35,30.52,0.0,24.32,75.19
RET0000818,SKU00037,15.82,37.68,28.26,0.0,81.76
RET0000819,SKU00283,33.38,7.82,0.0,11.7,52.9
RET0000820,SKU00237,31.83,109.37,0.0,57.03,198.23
RET0000821,SKU00381,30.08,33.83,0.0,3.87,67.78
RET0000822,SKU00060,13.74,11.73,0.0,11.8,37.27
RET0000823,SKU00379,24.21,309.68,232.26,0.0,566.15
RET0000824,SKU00116,26.35,26.5,0.0,27.82,80.67
RET0000825,SKU00040,17.62,43.92,0.0,0.0,61.54
RET0000826,SKU00289,21.71,29.54,0.0,5.3,56.55
RET0000827,SKU00274,32.41,10.95,0.0,8.27,51.63
RET0000828,SKU00149,34.75,13.98,10.49,0.0,59.22
RET0000829,SKU00055,34.24,124.11,0.0,42.77,201.12
RET0000830,SKU00230,32.93,11.8,0.0,3.85,48.58
RET0000831,SKU00136,31.75,6.6,0.0,0.0,38.35
RET0000832,SKU00072,24.06,48.28,36.21,0.0,108.55
RET0000833,SKU00307,22.84,62.82,0.0,9.02,94.68
RET0000834,SKU00345,25.34,9.31,0.0,0.0,34.65
RET0000835,SKU00038,16.98,16.65,0.0,3.95,37.58
RET0000836,SKU00134,17.37,45.97,0.0,6.01,69.35
RET0000837,SKU00235,24.19,159.58,0.0,189.39,373.16
RET0000838,SKU00396,17.95,13.81,0.0,1.5,33.26
RET0000839,SKU00296,19.92,81.15,0.0,12.48,113.55
RET0000840,SKU00296,11.91,81.15,0.0,11.95,105.01
RET0000841,SKU00133,14.56,99.34,0.0,29.78,143.68
RET0000842,SKU00328,31.75,17.1,0.0,0.0,48.85
RET0000843,SKU00310,19.41,120.06,0.0,0.0,139.47
RET0000844,SKU00091,24.56,13.8,0.0,16.77,55.13
RET0000845,SKU00220,22.77,71.55,53.66,0.0,147.98
RET0000846,SKU00353,14.33,17.95,0.0,0.0,32.28
RET0000847,SKU00185,17.1,32.34,0.0,0.0,49.44
RET0000848,SKU00222,24.86,36.53,0.0,9.37,70.76
RET0000849,SKU00188,34.4,9.67,0.0,13.87,57.94
RET0000850,SKU00211,16.44,112.31,0.0,39.55,168.3
RET0000851,SKU00311,17.71,18.8,0.0,7.52,44.03
RET0000852,SKU00347,15.36,139.99,0.0,51.53,206.88
RET0000853,SKU00412,20.34,134.04,0.0,25.42,179.8
RET0000854,SKU00124,10.79,17.36,0.0,7.89,36.04
RET0000855,SKU00020,30.77,4.51,0.0,5.52,40.8
RET0000856,SKU00015,29.23,2.84,0.0,2.83,34.9
RET0000857,SKU00102,12.88,5.5,0.0,0.0,18.38
RET0000858,SKU00279,23.84,40.72,0.0,0.0,64.56
RET0000859,SKU00208,27.62,29.97,0.0,27.13,84.72
RET0000860,SKU00188,31.25,9.67,0.0,6.12,47.04
RET0000861,SKU00323,24.16,5.62,0.0,14.4,44.18
RET0000862,SKU00241,25.64,39.2,29.4,0.0,94.24
RET0000863,SKU00136,26.89,2.64,0.0,0.0,29.53
RET0000864,SKU00366,14.15,20.16,0.0,7.76,42.07
RET0000865,SKU00273,22.06,66.46,0.0,0.0,88.52
RET0000866,SKU00071,33.52,24.22,0.0,5.88,63.62
RET0000867,SKU00318,18.35,24.56,0.0,0.0,42.91
RET0000868,SKU00367,16.92,14.08,0.0,3.24,34.24
RET0000869,SKU00256,28.58,17.43,0.0,11.01,57.02
RET0000870,SKU00062,15.13,17.6,0.0,14.21,46.94
RET0000871,SKU00182,33.2,11.75,0.0,14.38,59.33
RET0000872,SKU00152,15.81,33.12,0.0,0.0,48.93
RET0000873,SKU00074,25.42,88.57,0.0,31.11,145.1
RET0000874,SKU00216,19.78,9.78,0.0,3.63,33.19
RET0000875,SKU00322,24.29,33.57,0.0,0.0,57.86
RET0000876,SKU00107,25.53,23.86,0.0,20.35,69.74
RET0000877,SKU00287,32.85,29.25,0.0,2.75,64.85
RET0000878,SKU00355,11.21,8.68,0.0,3.52,23.41
RET0000879,SKU00375,31.75,58.08,0.0,8.28,98.11
RET0000880,SKU00188,20.31,9.67,0.0,0.0,29.98
RET0000881,SKU00339,34.91,7.1,0.0,2.77,44.78
RET0000882,SKU00207,20.17,62.6,46.95,0.0,129.72
RET0000883,SKU00045,16.64,18.15,0.0,4.37,39.16
RET0000884,SKU00026,22.11,64.34,0.0,24.52,110.97
RET0000885,SKU00298,28.31,4.53,0.0,9.6,42.44
RET0000886,SKU00403,17.39,15.24,0.0,16.02,48.65
RET0000887,SKU00412,10.17,134.04,0.0,129.89,274.1
RET0000888,SKU00052,17.45,24.54,0.0,13.83,55.82
RET0000889,SKU00040,14.31,43.92,0.0,7.55,65.78
RET0000890,SKU00034,30.28,56.1,0.0,20.89,107.27
RET0000891,SKU00138,34.47,7.09,0.0,26.55,68.11
RET0000892,SKU00213,16.96,116.43,87.32,0.0,220.71
RET0000893,SKU00313,23.96,2.91,0.0,2.28,29.15
RET0000894,SKU00332,29.25,25.16,0.0,9.18,63.59
RET0000895,SKU00113,15.42,6.44,0.0,1.79,23.65
RET0000896,SKU00004,11.77,13.8,0.0,24.43,50.0
RET0000897,SKU00098,19.53,4.51,0.0,5.71,29.75
RET0000898,SKU00283,17.99,7.82,0.0,0.0,25.81
RET0000899,SKU00387,28.68,26.77,0.0,13.43,68.88
RET0000900,SKU00260,20.07,16.6,0.0,2.65,39.32
RET0000901,SKU00116,33.77,66.26,0.0,21.7,121.73
RET0000902,SKU00356,24.96,45.54,0.0,12.81,83.31
RET0000903,SKU00407,30.86,192.94,0.0,3.04,226.84
RET0000904,SKU00103,34.13,20.41,0.0,8.35,62.89
RET0000905,SKU00406,16.62,30.12,0.0,0.0,46.74
RET0000906,SKU00204,15.93,5.3,0.0,0.0,21.23
RET0000907,SKU00100,26.65,23.88,0.0,0.0,50.53
RET0000908,SKU00087,25.05,22.68,0.0,5.31,53.04
RET0000909,SKU00309,19.32,18.99,0.0,0.0,38.31
RET0000910,SKU00181,26.89,32.44,0.0,28.76,88.09
RET0000911,SKU00050,16.07,46.42,0.0,43.5,105.99
RET0000912,SKU00358,13.21,59.0,0.0,91.32,163.53
RET0000913,SKU00006,11.06,24.64,18.48,0.0,54.18
RET0000914,SKU00220,14.12,44.72,0.0,4.31,63.15
RET0000915,SKU00184,16.76,46.72,0.0,14.58,78.06
RET0000916,SKU00251,25.64,4.0,0.0,1.08,30.72
RET0000917,SKU00289,18.97,11.81,0.0,2.12,32.9
RET0000918,SKU00043,10.99,20.65,0.0,45.54,77.18
RET0000919,SKU00235,13.24,159.58,0.0,0.0,172.82
RET0000920,SKU00211,32.95,44.92,0.0,86.26,164.13
RET0000921,SKU00363,12.57,23.04,0.0,0.0,35.61
RET0000922,SKU00217,23.4,25.78,19.34,0.0,68.52
RET0000923,SKU00206,12.51,31.1,0.0,0.78,44.39
RET0000924,SKU00223,30.36,5.39,0.0,8.63,44.38
RET0000925,SKU00344,24.84,37.7,0.0,0.0,62.54
RET0000926,SKU00235,14.52,255.34,191.5,0.0,461.36
RET0000927,SKU00026,10.89,25.74,0.0,0.45,37.08
RET0000928,SKU00293,33.46,36.08,0.0,4.82,74.36
RET0000929,SKU00364,17.34,15.1,0.0,0.0,32.44
RET0000930,SKU00162,19.12,50.83,38.12,0.0,108.07
RET0000931,SKU00020,22.79,11.27,0.0,0.0,34.06
RET0000932,SKU00332,16.13,25.16,0.0,0.0,41.29
RET0000933,SKU00155,10.65,21.64,0.0,32.6,64.89
RET0000934,SKU00040,28.04,17.57,0.0,25.72,71.33
RET0000935,SKU00225,16.98,36.49,27.37,0.0,80.84
RET0000936,SKU00312,11.75,43.98,0.0,16.03,71.76
RET0000937,SKU00329,13.53,18.67,0.0,24.42,56.62
RET0000938,SKU00322,32.33,33.57,0.0,54.8,120.7
RET0000939,SKU00347,19.78,139.99,0.0,35.03,194.8
RET0000940,SKU00026,33.44,25.74,0.0,26.45,85.63
RET0000941,SKU00289,15.05,29.54,0.0,14.45,59.04
RET0000942,SKU00411,19.17,43.72,0.0,2.09,64.98
RET0000943,SKU00110,23.61,2.35,0.0,0.0,25.96
RET0000944,SKU00032,11.95,74.4,0.0,17.74,104.09
RET0000945,SKU00367,34.59,56.3,42.23,0.0,133.12
RET0000946,SKU00206,15.05,12.44,0.0,4.73,32.22
RET0000947,SKU00328,16.65,42.76,0.0,23.78,83.19
RET0000948,SKU00190,24.65,25.93,0.0,2.04,52.62
RET0000949,SKU00076,21.08,19.83,0.0,0.0,40.91
RET0000950,SKU00196,28.64,13.62,0.0,9.48,51.74
RET0000951,SKU00161,18.78,7.08,0.0,0.58,26.44
RET0000952,SKU00321,27.97,3.59,0.0,6.29,37.85
RET0000953,SKU00272,15.89,81.52,61.14,0.0,158.55
RET0000954,SKU00029,24.34,20.73,0.0,10.19,55.26
RET0000955,SKU00240,13.34,104.74,0.0,23.25,141.33
RET0000956,SKU00119,14.46,30.12,0.0,16.36,60.94
RET0000957,SKU00325,30.66,2.96,0.0,1.16,34.78
RET0000958,SKU00153,12.78,47.33,0.0,17.9,78.01
RET0000959,SKU00378,15.47,112.94,84.71,0.0,213.12
RET0000960,SKU00168,13.94,58.17,0.0,10.9,83.01
RET0000961,SKU00412,32.69,134.04,0.0,32.12,198.85
RET0000962,SKU00228,10.73,62.62,0.0,62.11,135.46
RET0000963,SKU00333,15.08,57.18,0.0,24.08,96.34
RET0000964,SKU00399,32.1,20.3,0.0,9.18,61.58
RET0000965,SKU00183,15.12,7.84,0.0,16.5,39.46
RET0000966,SKU00036,31.25,52.8,39.6,0.0,123.65
RET0000967,SKU00240,29.43,167.59,125.69,0.0,322.71
RET0000968,SKU00237,18.53,109.37,0.0,0.0,127.9
RET0000969,SKU00353,26.06,17.95,0.0,13.64,57.65
RET0000970,SKU00128,31.39,276.84,0.0,0.0,308.23
RET0000971,SKU00347,17.7,55.99,0.0,24.64,98.33
RET0000972,SKU00412,25.71,134.04,0.0,83.14,242.89
RET0000973,SKU00236,25.33,20.64,0.0,9.2,55.17
RET0000974,SKU00143,25.24,39.42,0.0,0.0,64.66
RET0000975,SKU00174,12.38,3.35,0.0,3.07,18.8
RET0000976,SKU00412,33.32,53.62,0.0,44.34,131.28
RET0000977,SKU00167,24.43,2.98,0.0,2.78,30.19
RET0000978,SKU00103,14.44,8.17,0.0,7.5,30.11
RET0000979,SKU00156,22.03,114.26,0.0,50.0,186.29
RET0000980,SKU00293,13.49,14.43,0.0,17.79,45.71
RET0000981,SKU00394,34.04,27.58,0.0,1.14,62.76
RET0000982,SKU00387,22.94,10.71,0.0,0.0,33.65
RET0000983,SKU00088,34.81,28.99,0.0,2.59,66.39
RET0000984,SKU00373,14.98,6.66,0.0,9.63,31.27
RET0000985,SKU00334,31.45,27.8,0.0,14.03,73.28
RET0000986,SKU00153,10.42,18.93,0.0,8.03,37.38
RET0000987,SKU00332,22.63,25.16,0.0,13.05,60.84
RET0000988,SKU00121,21.35,129.1,96.82,0.0,247.27
RET0000989,SKU00348,19.77,13.18,0.0,14.53,47.48
RET0000990,SKU00097,17.55,18.77,0.0,12.24,48.56
RET0000991,SKU00099,18.1,90.84,0.0,27.34,136.28
RET0000992,SKU00072,17.69,12.07,0.0,10.86,40.62
RET0000993,SKU00185,32.06,32.34,0.0,18.6,83.0
RET0000994,SKU00209,15.56,20.7,0.0,7.63,43.89
RET0000995,SKU00307,20.91,157.04,0.0,139.49,317.44
RET0000996,SKU00088,19.2,11.6,0.0,0.0,30.8
RET0000997,SKU00289,17.12,11.81,0.0,33.7,62.63
RET0000998,SKU00374,15.19,9.29,0.0,11.96,36.44
RET0000999,SKU00368,13.26,78.32,58.74,0.0,150.32
RET0001000,SKU00276,11.57,13.8,0.0,0.0,25.37
RET0001001,SKU00029,21.28,8.29,0.0,0.0,29.57
RET0001002,SKU00081,22.76,43.83,0.0,18.21,84.8
RET0001003,SKU00175,20.78,2.21,0.0,3.58,26.57
RET0001004,SKU00371,32.25,51.56,0.0,0.0,83.81
RET0001005,SKU00224,23.15,37.04,0.0,0.0,60.19
RET0001006,SKU00057,21.29,36.61,0.0,0.92,58.82
RET0001007,SKU00081,23.16,43.83,0.0,4.92,71.91
RET0001008,SKU00403,16.56,38.1,0.0,0.0,54.66
RET0001009,SKU00346,11.21,15.37,0.0,19.26,45.84
RET0001010,SKU00089,19.29,42.64,0.0,0.0,61.93
RET0001011,SKU00386,22.83,55.18,0.0,21.99,100.0
RET0001012,SKU00133,15.93,99.34,0.0,33.75,149.02
RET0001013,SKU00121,12.5,80.69,0.0,0.0,93.19
RET0001014,SKU00113,11.65,6.44,0.0,1.46,19.55
RET0001015,SKU00021,16.7,2.84,0.0,2.43,21.97
RET0001016,SKU00257,20.04,69.39,0.0,34.55,123.98
RET0001017,SKU00301,12.31,8.07,0.0,3.98,24.36
RET0001018,SKU00124,13.22,43.4,0.0,0.0,56.62
RET0001019,SKU00329,31.33,18.67,0.0,12.03,62.03
RET0001020,SKU00384,34.75,23.49,0.0,40.09,98.33
RET0001021,SKU00227,30.67,8.54,0.0,10.59,49.8
RET0001022,SKU00095,12.3,106.46,79.84,0.0,198.6
RET0001023,SKU00270,34.41,24.44,0.0,4.21,63.06
RET0001024,SKU00255,16.4,33.8,0.0,20.3,70.5
RET0001025,SKU00047,13.61,7.86,0.0,3.08,24.55
RET0001026,SKU00361,30.91,136.82,0.0,34.4,202.13
RET0001027,SKU00344,19.72,37.7,0.0,15.45,72.87
RET0001028,SKU00390,26.1,13.68,0.0,5.32,45.1
RET0001029,SKU00003,12.04,41.51,0.0,0.0,53.55
RET0001030,SKU00359,25.41,5.28,0.0,0.0,30.69
RET0001031,SKU00258,12.8,39.68,29.76,0.0,82.24
